tagid,runnum,lumidataid,trgdataid,hltdataid
0,132440,581,563,529
0,132442,595,577,543
0,132471,596,578,544
0,132476,597,579,545
0,132477,598,580,546
0,132478,599,581,547
0,132569,600,582,548
0,132572,601,583,549
0,132596,603,584,550
0,132597,604,586,552
0,132598,605,587,553
0,132599,606,588,554
0,132601,607,589,555
0,132602,608,590,556
0,132605,609,591,557
0,132606,610,592,558
0,132646,611,593,559
0,132647,612,594,560
0,132648,613,595,561
0,132650,614,596,562
0,132651,615,597,563
0,132652,619,601,567
0,132653,620,602,568
0,132654,621,603,569
0,132656,622,604,570
0,132658,623,605,571
0,132659,624,606,572
0,132660,625,607,573
0,132661,626,608,574
0,132662,627,609,575
0,132716,628,610,576
0,132958,629,611,577
0,132959,630,612,578
0,132960,631,613,579
0,132961,632,614,580
0,132965,633,615,581
0,132966,634,616,582
0,132968,636,618,583
0,133029,637,619,585
0,133030,638,620,586
0,133031,639,621,587
0,133034,640,622,588
0,133035,641,623,589
0,133036,642,624,590
0,133038,643,625,591
0,133046,644,626,592
0,133158,645,627,593
0,133159,646,628,594
0,133242,647,629,595
0,133248,648,630,596
0,133320,649,631,597
0,133321,651,633,599
0,133446,652,634,600
0,133448,658,639,604
0,133450,659,640,605
0,133472,660,641,606
0,133473,661,642,607
0,133474,662,643,608
0,133483,663,644,609
0,133874,664,645,610
0,133875,665,646,611
0,133876,666,647,612
0,133877,667,648,613
0,133881,668,649,614
0,133885,669,650,615
0,133927,670,651,616
0,133928,672,653,618
0,134725,673,654,619
0,135175,674,655,620
0,135445,675,656,621
0,135521,676,657,622
0,135523,677,658,623
0,135525,678,659,624
0,135528,679,660,625
0,135534,680,661,626
0,135535,681,662,627
0,135537,682,663,628
0,135573,683,664,629
0,135575,684,665,630
0,135643,685,666,631
0,135735,686,667,632
0,136033,687,668,633
0,136035,688,669,634
0,136066,689,670,635
0,136080,702,683,645
0,136082,703,684,646
0,136087,708,689,651
0,136088,714,694,656
0,136096,715,695,657
0,136097,716,696,658
0,136098,717,697,659
0,136100,718,698,660
0,136119,719,699,661
0,136290,720,700,662
0,136294,721,701,663
0,136297,722,702,664
0,137027,723,703,665
0,137028,724,704,666
0,138560,725,705,667
0,138562,726,706,668
0,138563,727,707,669
0,138564,728,708,670
0,138565,729,709,671
0,138570,730,710,672
0,138571,731,711,673
0,138572,732,712,674
0,138733,733,713,675
0,138735,734,714,676
0,138736,735,715,677
0,138737,736,716,678
0,138738,737,717,679
0,138739,738,718,680
0,138741,739,719,681
0,138742,740,720,682
0,138744,741,721,683
0,138745,742,722,684
0,138746,743,723,685
0,138747,744,724,686
0,138749,745,725,687
0,138750,746,726,688
0,138751,747,727,689
0,138919,748,728,690
0,138920,753,733,695
0,138921,754,734,696
0,138923,1126,1104,1066
0,138924,755,735,697
0,138934,756,736,698
0,138937,757,737,699
0,138939,758,738,700
0,139020,759,739,701
0,139096,760,740,702
0,139098,761,741,703
0,139100,762,742,704
0,139102,763,743,705
0,139103,764,744,706
0,139195,765,745,707
0,139239,766,746,708
0,139347,767,747,709
0,139356,768,748,710
0,139360,769,749,711
0,139362,770,750,712
0,139363,771,751,713
0,139364,772,752,714
0,139365,773,753,715
0,139368,774,754,716
0,139370,775,755,717
0,139372,776,756,718
0,139375,777,757,719
0,139399,778,758,720
0,139400,779,759,721
0,139405,780,760,722
0,139407,781,761,723
0,139409,782,762,724
0,139411,783,763,725
0,139455,784,764,726
0,139457,785,765,727
0,139458,787,767,729
0,139459,788,768,730
0,139778,789,769,731
0,139779,790,770,732
0,139780,791,771,733
0,139781,792,772,734
0,139783,793,773,735
0,139784,794,774,736
0,139786,795,775,737
0,139787,796,776,738
0,139788,797,777,739
0,139789,798,778,740
0,139790,799,779,741
0,139792,800,780,742
0,139796,801,781,743
0,139965,802,782,744
0,139966,803,783,745
0,139967,804,784,746
0,139968,805,785,747
0,139969,806,786,748
0,139971,807,787,749
0,139972,808,788,750
0,139973,809,789,751
0,139974,810,790,752
0,139975,811,791,753
0,139976,812,792,754
0,139978,813,793,755
0,139980,814,794,756
0,140058,815,795,757
0,140059,816,796,758
0,140070,817,797,759
0,140071,818,798,760
0,140074,819,799,761
0,140076,820,800,762
0,140085,821,801,763
0,140116,822,802,764
0,140119,823,803,765
0,140121,824,804,766
0,140123,825,805,767
0,140124,826,806,768
0,140125,827,807,769
0,140126,828,808,770
0,140133,829,809,771
0,140139,830,810,772
0,140158,831,811,773
0,140159,832,812,774
0,140160,833,813,775
0,140168,834,814,776
0,140169,835,815,777
0,140171,836,816,778
0,140174,837,817,779
0,140180,838,818,780
0,140181,839,819,781
0,140182,840,820,782
0,140331,841,821,783
0,140334,842,822,784
0,140352,843,823,785
0,140359,844,824,786
0,140361,845,825,787
0,140362,846,826,788
0,140365,847,827,789
0,140379,848,828,790
0,140381,849,829,791
0,140382,850,830,792
0,140383,851,831,793
0,140385,852,832,794
0,140386,853,833,795
0,140387,854,834,796
0,140388,855,835,797
0,140399,856,836,798
0,140401,857,837,799
0,141865,858,838,800
0,141870,859,839,801
0,141873,860,840,802
0,141874,861,841,803
0,141876,862,842,804
0,141878,863,843,805
0,141879,864,844,806
0,141880,865,845,807
0,141881,866,846,808
0,141882,867,847,809
0,141887,868,848,810
0,141956,869,849,811
0,141957,870,850,812
0,141958,871,851,813
0,141959,872,852,814
0,141960,873,853,815
0,141961,874,854,816
0,142035,875,855,817
0,142036,876,856,818
0,142038,877,857,819
0,142039,878,858,820
0,142040,879,859,821
0,142076,880,860,822
0,142128,881,861,823
0,142129,882,862,824
0,142130,883,863,825
0,142132,884,864,826
0,142135,885,865,827
0,142136,886,866,828
0,142137,887,867,829
0,142187,888,868,830
0,142188,889,869,831
0,142189,890,870,832
0,142191,891,871,833
0,142265,892,872,834
0,142303,893,873,835
0,142304,894,874,836
0,142305,895,875,837
0,142308,896,876,838
0,142309,897,877,839
0,142311,898,878,840
0,142312,899,879,841
0,142313,900,880,842
0,142315,901,881,843
0,142317,902,882,844
0,142318,903,883,845
0,142319,904,884,846
0,142320,905,885,847
0,142413,906,886,848
0,142414,907,887,849
0,142415,908,888,850
0,142417,909,889,851
0,142418,910,890,852
0,142419,911,891,853
0,142420,912,892,854
0,142422,913,893,855
0,142437,914,894,856
0,142461,915,895,857
0,142503,916,896,858
0,142513,917,897,859
0,142514,918,898,860
0,142523,919,899,861
0,142524,920,900,862
0,142525,921,901,863
0,142528,922,902,864
0,142530,923,903,865
0,142535,924,904,866
0,142537,925,905,867
0,142557,926,906,868
0,142558,927,907,869
0,142657,928,908,870
0,142658,929,909,871
0,142659,930,910,872
0,142660,931,911,873
0,142661,932,912,874
0,142662,933,913,875
0,142663,934,914,876
0,142664,935,915,877
0,142928,936,916,878
0,142931,937,917,879
0,142933,938,918,880
0,142934,939,919,881
0,142935,940,920,882
0,142936,941,921,883
0,142953,942,922,884
0,142954,943,923,885
0,142955,944,924,886
0,142970,945,925,887
0,142971,946,926,888
0,142974,947,927,889
0,143004,948,928,890
0,143005,949,929,891
0,143006,950,930,892
0,143007,951,931,893
0,143008,952,932,894
0,143179,962,942,904
0,143181,963,943,905
0,143187,964,944,906
0,143191,965,945,907
0,143192,966,946,908
0,143193,967,947,909
0,143201,968,948,910
0,143318,969,949,911
0,143319,970,950,912
0,143320,971,951,913
0,143321,972,952,914
0,143322,973,953,915
0,143323,974,954,916
0,143326,975,955,917
0,143327,976,956,918
0,143328,977,957,919
0,143336,978,958,920
0,143657,979,959,921
0,143665,980,960,922
0,143726,981,961,923
0,143727,982,962,924
0,143730,983,963,925
0,143731,984,964,926
0,143827,985,965,927
0,143831,986,966,928
0,143833,987,967,929
0,143835,988,968,930
0,143953,989,969,931
0,143954,990,970,932
0,143955,991,971,933
0,143956,992,972,934
0,143957,993,973,935
0,143959,994,974,936
0,143960,995,975,937
0,143961,996,976,938
0,143962,997,977,939
0,144008,998,978,940
0,144010,999,979,941
0,144011,1000,980,942
0,144083,1001,981,943
0,144084,1002,982,944
0,144086,1003,983,945
0,144088,1004,984,946
0,144089,1005,985,947
0,144112,1006,986,948
0,144114,1007,987,949
0,146428,1008,988,950
0,146430,1009,989,951
0,146431,1010,990,952
0,146436,1011,991,953
0,146437,1012,992,954
0,146506,1019,999,961
0,146510,1020,1000,962
0,146511,1021,1001,963
0,146513,1022,1002,964
0,146514,1023,1003,965
0,146588,1025,1005,967
0,146589,1026,1006,968
0,146644,1027,1007,969
0,146698,1028,1008,970
0,146703,1029,1009,971
0,146710,1030,1010,972
0,146712,1031,1011,973
0,146713,1032,1012,974
0,146715,1033,1013,975
0,146719,1034,1014,976
0,146721,1035,1015,977
0,146724,1036,1016,978
0,146728,1037,1017,979
0,146729,1038,1018,980
0,146804,1039,1019,981
0,146806,1040,1020,982
0,146807,1041,1021,983
0,146944,1042,1022,984
0,147011,1043,1023,985
0,147043,1044,1024,986
0,147048,1045,1025,987
0,147114,1046,1026,988
0,147115,1047,1027,989
0,147116,1048,1028,990
0,147195,1049,1029,991
0,147196,1050,1030,992
0,147205,1051,1031,993
0,147206,1052,1032,994
0,147212,1053,1033,995
0,147214,1054,1034,996
0,147216,1055,1035,997
0,147217,1056,1036,998
0,147218,1057,1037,999
0,147219,1058,1038,1000
0,147221,1061,1041,1003
0,147222,1062,1042,1004
0,147284,1063,1043,1005
0,147390,1064,1044,1006
0,147450,1065,1045,1007
0,147451,1066,1046,1008
0,147452,1068,1048,1010
0,147453,1067,1047,1009
0,147454,1069,1049,1011
0,147752,1070,1050,1012
0,147753,1071,1051,1013
0,147754,1072,1052,1014
0,147755,1074,1053,1015
0,147756,1075,1054,1016
0,147757,1076,1055,1017
0,147926,1077,1056,1018
0,147927,1078,1057,1019
0,147929,1079,1058,1020
0,147984,1080,1059,1021
0,148002,1081,1060,1022
0,148029,1084,1063,1025
0,148031,1085,1064,1026
0,148032,1086,1065,1027
0,148058,1087,1066,1028
0,148819,1088,1067,1029
0,148822,1089,1068,1030
0,148829,1090,1069,1031
0,148842,1091,1070,1032
0,148844,1092,1071,1033
0,148859,1093,1072,1034
0,148860,1094,1073,1035
0,148861,1095,1074,1036
0,148862,1097,1075,1037
0,148864,1098,1077,1039
0,148952,1099,1078,1040
0,148953,1100,1079,1041
0,149003,1101,1080,1042
0,149011,1102,1081,1043
0,149058,1103,1082,1044
0,149063,1104,1083,1045
0,149064,1105,1084,1046
0,149181,1106,1085,1047
0,149291,1107,1086,1048
0,149294,1108,1087,1049
0,149382,1109,1088,1050
0,149442,1110,1089,1051
0,160404,2,2,1
0,160405,3,3,2
0,160406,4,4,3
0,160410,5,5,4
0,160413,6,6,5
0,160423,7,7,6
0,160431,8,8,7
0,160432,9,9,8
0,160433,10,10,9
0,160442,11,11,10
0,160443,12,12,11
0,160444,13,13,12
0,160445,14,14,13
0,160446,15,15,14
0,160447,16,16,15
0,160449,17,17,16
0,160450,18,18,17
0,160452,19,19,18
0,160454,20,20,19
0,160455,21,21,20
0,160456,22,22,21
0,160466,23,23,22
0,160467,24,24,23
0,160497,25,25,24
0,160498,26,26,25
0,160499,27,27,26
0,160577,28,28,27
0,160578,30,30,29
0,160579,29,29,28
0,160808,33,33,32
0,160815,34,34,33
0,160819,35,35,34
0,160827,36,36,35
0,160835,37,37,36
0,160853,38,38,37
0,160871,39,39,38
0,160872,40,40,39
0,160873,41,41,40
0,160874,42,42,41
0,160875,43,43,42
0,160876,44,44,43
0,160877,45,45,44
0,160888,46,46,45
0,160890,47,47,46
0,160894,48,48,47
0,160898,49,49,48
0,160907,50,50,49
0,160911,51,51,50
0,160913,52,52,51
0,160914,53,53,52
0,160915,54,54,53
0,160916,55,55,54
0,160935,56,56,55
0,160936,57,57,56
0,160937,58,58,57
0,160938,59,59,58
0,160939,60,60,59
0,160940,61,61,60
0,160942,62,62,61
0,160943,63,63,62
0,160954,64,64,63
0,160955,65,65,64
0,160956,66,66,65
0,160957,67,67,66
0,160998,68,68,67
0,161008,69,69,68
0,161016,70,70,69
0,161103,71,71,70
0,161106,72,72,71
0,161107,73,73,72
0,161113,74,74,73
0,161116,75,75,74
0,161117,76,76,75
0,161119,77,77,76
0,161156,1489,1321,1279
0,161165,115,115,113
0,161176,116,116,114
0,161210,78,78,77
0,161212,79,79,78
0,161213,80,80,79
0,161216,81,81,80
0,161217,82,82,81
0,161222,83,83,82
0,161223,84,84,83
0,161224,85,85,84
0,161233,86,86,85
0,161310,87,87,86
0,161311,88,88,87
0,161312,89,89,88
0,161345,90,90,89
0,161357,91,91,90
0,161364,92,92,91
0,161366,93,93,92
0,161376,94,94,93
0,161377,95,95,94
0,161393,96,96,95
0,161396,97,97,96
0,161398,99,99,97
0,161401,100,100,98
0,161403,101,101,99
0,161404,102,102,100
0,161419,103,103,101
0,161425,104,104,102
0,161430,105,105,103
0,161436,106,106,104
0,161439,107,107,105
0,161445,108,108,106
0,161450,109,109,107
0,161454,110,110,108
0,161465,111,111,109
0,161471,112,112,110
0,161473,113,113,111
0,161474,114,114,112
0,162518,117,117,115
0,162526,118,118,116
0,162713,254,254,246
0,162718,119,119,117
0,162733,120,120,118
0,162739,121,121,119
0,162742,122,122,120
0,162760,123,123,121
0,162762,124,124,122
0,162765,125,125,123
0,162801,126,126,124
0,162803,127,127,236
0,162808,128,128,237
0,162811,130,130,125
0,162822,131,131,126
0,162823,132,132,127
0,162824,133,133,128
0,162825,134,134,129
0,162826,135,135,130
0,162827,136,136,131
0,162828,137,137,132
0,162881,138,138,133
0,162902,139,139,134
0,162909,140,140,135
0,162917,141,141,136
0,162924,142,142,137
0,162925,143,143,138
0,162926,144,144,139
0,162929,145,145,140
0,163045,146,236,227
0,163046,147,146,141
0,163069,148,147,142
0,163070,149,148,143
0,163071,150,149,144
0,163072,151,237,228
0,163076,152,150,145
0,163078,153,151,146
0,163232,154,152,147
0,163233,155,153,148
0,163234,156,154,149
0,163235,157,155,150
0,163237,159,157,151
0,163238,160,158,152
0,163252,161,159,153
0,163254,162,160,154
0,163255,163,238,229
0,163261,164,161,155
0,163269,165,162,156
0,163270,166,163,157
0,163286,167,164,158
0,163289,168,165,159
0,163296,169,166,160
0,163297,170,167,161
0,163300,171,168,162
0,163301,172,169,163
0,163302,173,170,164
0,163308,174,171,165
0,163332,175,172,166
0,163333,176,173,167
0,163334,177,174,168
0,163337,178,175,238
0,163338,179,176,239
0,163339,180,177,240
0,163340,181,178,241
0,163358,182,179,169
0,163368,183,180,170
0,163369,184,181,171
0,163370,185,182,172
0,163371,186,183,173
0,163372,187,184,174
0,163374,188,185,175
0,163375,189,186,176
0,163376,190,187,177
0,163377,191,188,178
0,163378,192,239,230
0,163385,193,189,179
0,163387,194,190,180
0,163402,195,240,231
0,163475,196,191,181
0,163476,197,192,182
0,163478,198,193,183
0,163479,199,194,184
0,163480,200,195,185
0,163481,201,196,186
0,163482,202,197,187
0,163483,203,198,188
0,163580,204,199,189
0,163581,205,200,190
0,163582,206,201,191
0,163583,207,202,192
0,163584,208,203,193
0,163585,209,204,194
0,163586,210,205,195
0,163587,211,206,196
0,163588,212,207,197
0,163589,213,241,232
0,163591,247,247,220
0,163592,248,248,221
0,163593,249,249,222
0,163596,214,208,198
0,163630,215,209,242
0,163655,216,210,243
0,163657,217,211,244
0,163658,218,212,245
0,163659,219,213,199
0,163660,220,214,200
0,163661,221,215,201
0,163662,222,216,202
0,163663,223,217,203
0,163664,224,218,204
0,163665,225,219,205
0,163668,226,220,206
0,163737,227,221,207
0,163738,228,222,208
0,163751,229,223,209
0,163753,231,225,210
0,163755,233,227,211
0,163757,235,229,212
0,163758,236,242,233
0,163759,237,243,234
0,163760,238,230,213
0,163761,239,244,235
0,163763,240,231,214
0,163765,241,232,215
0,163795,243,233,216
0,163796,244,234,217
0,163817,245,235,218
0,163869,246,246,219
0,165088,255,255,247
0,165098,256,256,248
0,165099,257,257,249
0,165100,258,258,250
0,165102,259,259,251
0,165103,260,260,252
0,165104,261,261,253
0,165120,262,262,254
0,165121,263,263,255
0,165205,264,264,256
0,165208,266,266,257
0,165364,267,267,258
0,165399,268,268,259
0,165400,269,269,260
0,165402,271,270,261
0,165415,272,271,262
0,165467,273,272,263
0,165472,274,273,264
0,165486,275,274,265
0,165487,276,275,266
0,165506,277,276,267
0,165514,278,277,268
0,165523,279,278,269
0,165525,280,279,270
0,165529,281,280,271
0,165536,282,281,272
0,165537,283,282,273
0,165542,284,283,274
0,165548,285,284,275
0,165557,286,285,276
0,165558,287,286,277
0,165567,288,287,278
0,165570,289,288,279
0,165617,290,289,280
0,165619,291,290,281
0,165620,292,291,282
0,165633,293,292,283
0,165970,294,293,284
0,165993,295,294,285
0,166010,296,295,286
0,166011,297,296,287
0,166033,298,297,288
0,166034,299,298,289
0,166049,300,299,290
0,166051,301,300,291
0,166052,302,301,292
0,166147,306,305,293
0,166148,307,306,294
0,166149,308,307,295
0,166150,309,308,296
0,166161,310,309,297
0,166163,311,310,298
0,166164,312,311,299
0,166346,313,312,300
0,166374,314,313,301
0,166377,316,315,302
0,166379,317,316,303
0,166380,318,317,304
0,166394,319,318,305
0,166408,320,319,306
0,166429,321,320,307
0,166438,322,321,308
0,166439,323,322,309
0,166462,324,323,310
0,166486,325,324,311
0,166502,326,325,312
0,166512,327,326,313
0,166514,328,327,314
0,166530,329,328,315
0,166554,330,329,316
0,166562,331,330,317
0,166563,332,331,318
0,166565,333,332,319
0,166699,334,333,320
0,166701,335,334,321
0,166763,336,335,322
0,166781,337,336,323
0,166782,338,337,324
0,166784,339,338,325
0,166787,340,339,326
0,166839,341,340,327
0,166841,343,342,328
0,166842,344,343,329
0,166859,345,344,330
0,166860,346,345,331
0,166861,347,346,332
0,166863,349,348,333
0,166864,350,349,334
0,166888,351,350,335
0,166889,352,351,336
0,166890,353,352,337
0,166893,354,353,338
0,166894,355,354,339
0,166895,356,355,340
0,166911,357,356,341
0,166921,358,357,342
0,166922,361,360,345
0,166923,362,361,346
0,166946,359,358,343
0,166947,360,359,344
0,166950,363,362,347
0,166960,364,363,348
0,166966,365,364,349
0,166967,366,365,350
0,167039,367,366,351
0,167041,368,367,352
0,167043,369,368,353
0,167078,370,369,354
0,167098,371,370,355
0,167099,372,371,356
0,167100,373,372,357
0,167101,374,373,358
0,167102,375,374,359
0,167103,376,375,360
0,167150,377,376,361
0,167151,378,377,362
0,167281,379,378,363
0,167282,380,379,364
0,167283,381,380,365
0,167284,382,381,366
0,167551,383,382,367
0,167673,384,383,368
0,167674,385,384,369
0,167675,386,385,370
0,167676,387,386,371
0,167740,388,387,372
0,167746,389,388,373
0,167754,390,389,374
0,167784,391,390,375
0,167785,392,391,376
0,167786,393,392,377
0,167807,394,393,378
0,167830,395,394,379
0,167898,396,395,380
0,167913,397,396,381
0,169810,398,397,384
0,169811,399,398,385
0,169985,400,399,386
0,169991,401,400,387
0,170000,402,401,388
0,170040,403,402,389
0,170044,404,403,390
0,170249,405,404,391
0,170255,406,405,392
0,170286,407,406,393
0,170292,408,407,394
0,170298,409,408,395
0,170303,410,409,396
0,170304,411,410,397
0,170307,412,411,398
0,170348,413,412,399
0,170354,414,413,400
0,170376,415,414,401
0,170378,416,415,402
0,170380,417,416,403
0,170382,418,417,404
0,170397,420,419,405
0,170406,421,420,406
0,170452,422,421,407
0,170527,423,422,408
0,170722,424,423,409
0,170759,425,424,410
0,170826,426,425,411
0,170842,427,426,412
0,170854,428,427,413
0,170876,468,428,414
0,170896,466,448,382
0,170899,467,449,383
0,170901,430,429,415
0,171050,431,430,416
0,171091,435,433,417
0,171098,436,434,418
0,171102,437,435,419
0,171106,438,436,420
0,171117,440,438,421
0,171156,441,439,422
0,171178,442,440,423
0,171219,443,441,424
0,171274,444,442,425
0,171282,445,443,426
0,171315,446,444,427
0,171369,447,445,428
0,171446,448,446,429
0,171484,449,447,430
0,171578,450,450,431
0,171812,451,451,432
0,171875,452,452,433
0,171876,453,453,434
0,171879,454,454,435
0,171880,455,455,436
0,171890,456,456,437
0,171895,457,457,438
0,171897,458,458,439
0,171921,459,459,440
0,171926,460,460,441
0,172014,462,462,442
0,172024,463,463,443
0,172033,464,464,444
0,172163,469,465,445
0,172208,470,466,446
0,172252,471,467,447
0,172254,472,468,448
0,172255,473,469,449
0,172268,474,470,450
0,172286,475,471,451
0,172389,476,472,452
0,172399,477,473,453
0,172400,478,474,454
0,172401,479,475,455
0,172411,527,476,456
0,172468,532,481,457
0,172473,487,482,458
0,172475,488,483,459
0,172476,533,484,460
0,172478,490,485,461
0,172485,491,486,462
0,172488,492,487,463
0,172495,493,488,464
0,172497,494,489,465
0,172507,495,490,466
0,172516,534,491,467
0,172549,535,514,488
0,172557,536,515,489
0,172564,538,517,490
0,172576,541,520,491
0,172579,542,521,492
0,172584,543,522,493
0,172588,544,523,494
0,172593,546,524,495
0,172597,548,526,496
0,172598,549,527,497
0,172604,552,530,498
0,172606,553,531,499
0,172611,555,534,500
0,172615,556,535,501
0,172617,557,536,502
0,172619,499,494,468
0,172620,500,495,469
0,172630,501,496,470
0,172635,503,497,471
0,172778,504,498,472
0,172791,505,499,473
0,172798,506,500,474
0,172799,507,501,475
0,172801,508,502,476
0,172802,509,503,477
0,172819,510,504,478
0,172822,512,505,479
0,172824,514,506,480
0,172847,515,507,481
0,172865,516,508,482
0,172867,518,509,483
0,172868,519,510,484
0,172949,520,511,485
0,172951,521,512,486
0,172952,522,513,487
0,172992,525,539,505
0,172998,523,537,503
0,172999,524,538,504
0,173198,526,540,506
0,173236,559,541,507
0,173240,560,542,508
0,173241,561,543,509
0,173243,562,544,510
0,173244,563,545,511
0,173380,564,546,512
0,173381,565,547,513
0,173389,566,548,514
0,173406,567,549,515
0,173430,568,550,516
0,173431,569,551,517
0,173438,570,552,518
0,173439,571,562,528
0,173657,572,553,519
0,173658,573,554,520
0,173659,574,555,521
0,173660,575,556,522
0,173661,576,557,523
0,173662,577,558,524
0,173663,578,559,525
0,173664,579,560,526
0,173692,580,561,527
0,175832,582,564,530
0,175833,583,565,531
0,175834,584,566,532
0,175835,585,567,533
0,175837,586,568,534
0,175857,587,569,535
0,175858,588,570,536
0,175860,589,571,537
0,175863,590,572,538
0,175865,591,573,539
0,175866,592,574,540
0,175872,593,575,541
0,175873,594,576,542
0,175874,602,585,551
0,175875,616,598,564
0,175877,617,599,565
0,175881,618,600,566
0,175886,635,617,584
0,175887,650,632,598
0,175888,653,635,601
0,175906,654,636,602
0,175910,657,638,603
0,175921,671,652,617
0,175971,690,671,636
0,175973,691,672,637
0,175974,692,673,638
0,175975,693,674,639
0,175976,694,675,640
0,175990,695,676,641
0,176023,696,677,642
0,176161,700,681,643
0,176163,701,682,644
0,176165,704,685,647
0,176166,705,686,648
0,176167,706,687,649
0,176169,707,688,650
0,176201,709,690,652
0,176202,710,691,653
0,176206,712,692,654
0,176207,713,693,655
0,176286,749,729,691
0,176289,750,730,692
0,176304,751,731,693
0,176308,752,732,694
0,176309,786,766,728
0,176461,953,933,895
0,176463,954,934,896
0,176464,955,935,897
0,176465,956,936,898
0,176466,957,937,899
0,176467,958,938,900
0,176468,959,939,901
0,176469,960,940,902
0,176470,961,941,903
0,176545,1159,993,955
0,176547,1161,994,956
0,176548,1162,995,957
0,176697,1285,996,958
0,176698,1163,997,959
0,176701,1164,998,960
0,176702,1165,1004,966
0,176765,1149,1124,1085
0,176771,1151,1039,1001
0,176795,1166,1040,1002
0,176796,1167,1061,1023
0,176797,1168,1062,1024
0,176799,1169,1076,1038
0,176801,1170,1090,1052
0,176805,1171,1091,1053
0,176807,1172,1092,1054
0,176841,1173,1093,1055
0,176842,1174,1094,1056
0,176844,1175,1095,1057
0,176848,1176,1096,1058
0,176850,1177,1097,1059
0,176860,1178,1098,1060
0,176868,1182,1099,1061
0,176885,1183,1100,1062
0,176886,1184,1101,1063
0,176889,1185,1102,1064
0,176928,1186,1103,1065
0,176929,1187,1105,1067
0,176933,1188,1106,1068
0,176959,1189,1107,1069
0,176982,1191,1108,1070
0,177053,1192,1109,1071
0,177074,1193,1110,1072
0,177088,1150,1123,1084
0,177095,1194,1111,1073
0,177096,1195,1112,1074
0,177131,1196,1113,1075
0,177138,1197,1114,1076
0,177139,1198,1115,1077
0,177140,1199,1116,1078
0,177141,1200,1117,1079
0,177183,1202,1119,1080
0,177184,1203,1120,1081
0,177201,1145,1121,1082
0,177222,1146,1122,1083
0,177313,1152,1125,1086
0,177316,1155,1126,1087
0,177317,1156,1127,1088
0,177318,1157,1128,1089
0,177319,1158,1129,1090
0,177449,1179,1131,1091
0,177452,1180,1132,1092
0,177507,1204,1133,1093
0,177509,1205,1134,1094
0,177515,1206,1135,1095
0,177718,1207,1136,1096
0,177719,1208,1137,1097
0,177730,1209,1138,1098
0,177776,1210,1139,1099
0,177782,1211,1140,1100
0,177783,1212,1141,1101
0,177785,1213,1142,1102
0,177786,1214,1143,1103
0,177788,1215,1144,1104
0,177789,1216,1145,1105
0,177790,1217,1146,1106
0,177791,1218,1147,1107
0,177875,1219,1148,1108
0,177878,1220,1149,1109
0,178003,1221,1150,1110
0,178004,1222,1151,1111
0,178022,1240,1168,1127
0,178078,1223,1152,1112
0,178098,1224,1153,1113
0,178099,1225,1154,1114
0,178100,1226,1155,1115
0,178101,1227,1156,1116
0,178102,1228,1157,1117
0,178110,1229,1158,1118
0,178116,1230,1159,1119
0,178151,1231,1160,1120
0,178160,1232,1161,1121
0,178162,1233,1162,1122
0,178198,1234,1163,1123
0,178203,1236,1165,1124
0,178207,1238,1166,1125
0,178208,1239,1167,1126
0,178365,1241,1169,1128
0,178367,1242,1170,1129
0,178380,1243,1171,1130
0,178420,1244,1172,1131
0,178421,1245,1173,1132
0,178424,1246,1174,1133
0,178479,1247,1175,1134
0,178667,1248,1176,1135
0,178669,1249,1177,1136
0,178670,1250,1178,1137
0,178675,1253,1180,1138
0,178677,1254,1181,1139
0,178703,1255,1182,1140
0,178708,1258,1183,1141
0,178712,1259,1184,1142
0,178724,1260,1185,1143
0,178731,1261,1186,1144
0,178738,1262,1187,1145
0,178786,1263,1188,1146
0,178803,1264,1189,1147
0,178840,1265,1190,1148
0,178854,1266,1191,1149
0,178866,1267,1192,1150
0,178871,1268,1193,1151
0,178920,1269,1194,1152
0,178970,1270,1195,1153
0,178985,1271,1196,1154
0,179315,1286,1209,1167
0,179346,1272,1197,1155
0,179348,1273,1198,1156
0,179410,1274,1199,1157
0,179411,1275,1200,1158
0,179431,1276,1201,1159
0,179434,1277,1202,1160
0,179452,1279,1203,1161
0,179476,1280,1204,1162
0,179497,1281,1205,1163
0,179547,1282,1206,1164
0,179558,1283,1207,1165
0,179563,1284,1208,1166
0,179816,1287,1210,1168
0,179823,1288,1211,1169
0,179827,1289,1212,1170
0,179828,1290,1213,1171
0,179889,1291,1214,1172
0,179959,1292,1215,1173
0,179977,1293,1216,1174
0,180072,1294,1217,1175
0,180076,1296,1218,1176
0,180091,1297,1219,1177
0,180093,1298,1220,1178
0,180241,1299,1221,1179
0,180249,1300,1222,1180
0,180250,1301,1223,1181
0,180251,1302,1224,1182
0,180252,1303,1225,1183
0,181530,1347,1226,1184
0,181531,1348,1227,1185
0,181532,1349,1228,1186
0,181604,1403,1229,1187
0,181611,1351,1230,1188
0,181683,1352,1231,1189
0,181684,1353,1232,1190
0,181685,1354,1233,1191
0,181686,1355,1234,1192
0,181687,1356,1235,1193
0,181688,1357,1236,1194
0,181689,1358,1237,1195
0,181690,1359,1238,1196
0,181691,1360,1239,1197
0,181692,1361,1240,1198
0,181693,1362,1241,1199
0,181695,1363,1242,1200
0,181749,1404,1243,1201
0,181750,1405,1244,1202
0,181751,1406,1245,1203
0,181752,1407,1246,1204
0,181753,1408,1247,1205
0,181754,1409,1248,1206
0,181755,1410,1249,1207
0,181756,1411,1250,1208
0,181758,1412,1251,1209
0,181759,1413,1252,1210
0,181760,1414,1253,1211
0,181765,1415,1254,1212
0,181766,1416,1255,1213
0,181768,1417,1256,1214
0,181769,1418,1257,1215
0,181770,1419,1258,1216
0,181771,1420,1259,1217
0,181774,1421,1260,1218
0,181775,1422,1261,1219
0,181776,1423,1262,1220
0,181777,1424,1263,1221
0,181778,1385,1264,1222
0,181910,1386,1265,1223
0,181912,1387,1266,1224
0,181913,1388,1267,1225
0,181914,1389,1268,1226
0,181938,1390,1269,1227
0,181946,1391,1270,1228
0,181950,1392,1271,1229
0,181969,1393,1272,1230
0,181985,1394,1273,1231
0,182052,1395,1274,1232
0,182065,1396,1275,1233
0,182066,1397,1276,1234
0,182098,1398,1277,1235
0,182099,1399,1278,1236
0,182123,1400,1279,1237
0,182124,1401,1280,1238
0,182133,1402,1281,1239
0,182227,1425,1282,1240
0,182228,1426,1283,1241
0,182239,1427,1284,1242
0,182241,1428,1285,1243
0,182253,1429,1286,1244
0,182257,1430,1287,1245
0,182296,1431,1288,1246
0,182324,1432,1289,1247
0,182365,1433,1290,1248
0,182382,1434,1291,1249
0,182396,1435,1292,1250
0,182398,1436,1293,1251
0,182422,1437,1294,1252
0,182536,1438,1295,1253
0,182561,1439,1296,1254
0,182572,1440,1297,1255
0,182591,1441,1298,1256
0,182609,1442,1299,1257
0,182664,1443,1300,1258
0,182785,1444,1301,1259
0,182798,1448,1302,1260
0,182822,1449,1303,1261
0,182838,1454,1304,1262
0,182886,1456,1305,1263
0,182889,1457,1306,1264
0,182890,1458,1307,1265
0,182915,1459,1308,1266
0,182916,1460,1309,1267
0,182927,1461,1310,1268
0,182944,1462,1311,1269
0,182960,1463,1312,1270
0,182972,1464,1313,1271
0,183013,1475,1314,1272
0,183068,1483,1315,1273
0,183069,1484,1316,1274
0,183094,1485,1317,1275
0,183123,1486,1318,1276
0,183124,1487,1319,1277
0,183126,1488,1320,1278
0,190389,1522,1352,1283
0,190390,1523,1353,1284
0,190391,1524,1354,1285
0,190401,1525,1355,1286
0,190402,1526,1356,1287
0,190403,1527,1357,1288
0,190404,1528,1358,1289
0,190405,1529,1359,1290
0,190406,1530,1360,1291
0,190407,1531,1361,1292
0,190409,1532,1362,1293
0,190410,1533,1363,1294
0,190411,1534,1364,1295
0,190456,1535,1365,1296
0,190459,1536,1366,1297
0,190462,1537,1367,1298
0,190465,1538,1368,1299
0,190482,1539,1369,1300
0,190490,1542,1371,1301
0,190491,1543,1372,1302
0,190492,1544,1373,1303
0,190538,1545,1374,1304
0,190539,1546,1375,1305
0,190591,1547,1376,1306
0,190592,1548,1377,1307
0,190593,1549,1378,1308
0,190595,1550,1379,1309
0,190645,1551,1380,1310
0,190646,1552,1381,1311
0,190659,1553,1382,1312
0,190661,1554,1383,1313
0,190662,1555,1384,1314
0,190663,1556,1385,1315
0,190678,1557,1386,1316
0,190679,1558,1387,1317
0,190688,1559,1388,1318
0,190702,1560,1389,1319
0,190703,1561,1390,1320
0,190704,1562,1391,1321
0,190705,1563,1392,1322
0,190706,1564,1393,1323
0,190707,1565,1394,1324
0,190708,1566,1395,1325
0,190710,1567,1396,1326
0,190733,1568,1397,1327
0,190736,1571,1400,1328
0,190738,1572,1401,1329
0,190782,1573,1402,1330
0,190895,1574,1403,1331
0,190906,1575,1404,1332
0,190945,1576,1405,1333
0,190949,1577,1406,1334
0,191043,1578,1407,1335
0,191046,1579,1408,1336
0,191056,1580,1409,1337
0,191057,1581,1410,1338
0,191062,1582,1411,1339
0,191086,1583,1412,1340
0,191090,1584,1413,1341
0,191201,1585,1414,1342
0,191202,1586,1415,1343
0,191226,1587,1416,1344
0,191247,1590,1419,1345
0,191248,1591,1420,1346
0,191264,1592,1421,1347
0,191271,1593,1422,1348
0,191276,1594,1423,1349
0,191277,1595,1424,1350
0,191306,1603,1432,1351
0,191350,1604,1433,1352
0,191367,1641,1469,1383
0,191387,1646,1474,1388
0,191404,1642,1470,1384
0,191406,1643,1471,1385
0,191410,1605,1434,1353
0,191411,1606,1435,1354
0,191415,1607,1436,1355
0,191417,1608,1437,1356
0,191419,1644,1472,1386
0,191421,1645,1473,1387
0,191424,1609,1438,1357
0,191691,1610,1439,1358
0,191692,1611,1440,1359
0,191694,1613,1442,1360
0,191695,1614,1443,1361
0,191700,1616,1445,1362
0,191701,1617,1446,1363
0,191718,1618,1447,1364
0,191720,1619,1448,1365
0,191721,1620,1449,1366
0,191726,1670,1451,1367
0,191800,1623,1452,1368
0,191810,1625,1454,1369
0,191811,1626,1455,1370
0,191830,1627,1456,1371
0,191833,1630,1458,1372
0,191834,1631,1459,1373
0,191837,1632,1460,1374
0,191839,1633,1461,1375
0,191842,1634,1462,1376
0,191845,1635,1463,1377
0,191849,1636,1464,1378
0,191856,1637,1465,1379
0,191857,1638,1466,1380
0,191858,1639,1467,1381
0,191859,1640,1468,1382
0,192989,1647,1475,1389
0,192990,1648,1476,1390
0,193091,1649,1477,1391
0,193092,1650,1478,1392
0,193093,1651,1479,1393
0,193112,1652,1480,1394
0,193116,1656,1482,1395
0,193123,1657,1483,1396
0,193124,1667,1493,1406
0,193192,1658,1484,1397
0,193193,1662,1488,1401
0,193207,1659,1485,1398
0,193334,1660,1486,1399
0,193336,1661,1487,1400
0,193541,1663,1489,1402
0,193556,1664,1490,1403
0,193557,1665,1491,1404
0,193575,1666,1492,1405
0,193621,1668,1494,1407
0,193833,1671,1495,1408
0,193834,1672,1496,1409
0,193835,1673,1497,1410
0,193836,1674,1498,1411
0,193878,1675,1499,1412
0,193898,1676,1500,1413
0,193904,1677,1501,1414
0,193905,1678,1502,1415
0,193917,1679,1503,1416
0,193919,1680,1504,1417
0,193922,1681,1505,1418
0,193925,1682,1506,1419
0,193928,1683,1507,1420
0,193998,1684,1508,1421
0,193999,1685,1509,1422
0,194027,1686,1510,1423
0,194050,1687,1511,1424
0,194051,1688,1512,1425
0,194052,1689,1513,1426
0,194075,1690,1514,1427
0,194076,1691,1515,1428
0,194108,1692,1516,1429
0,194115,1693,1517,1430
0,194117,1695,1519,1431
0,194119,1696,1520,1432
0,194120,1697,1521,1433
0,194150,1698,1522,1434
0,194151,1699,1523,1435
0,194153,1700,1524,1436
0,194199,1701,1525,1437
0,194210,1702,1526,1438
0,194223,1703,1527,1439
0,194224,1704,1528,1440
0,194225,1705,1529,1441
0,194270,1706,1530,1442
0,194303,1707,1531,1443
0,194304,1708,1532,1444
0,194305,1709,1533,1445
0,194314,1710,1534,1446
0,194315,1711,1535,1447
0,194317,1712,1536,1448
0,194424,1713,1537,1449
0,194427,1714,1538,1450
0,194428,1715,1539,1451
0,194429,1716,1540,1452
0,194439,1717,1541,1453
0,194455,1718,1542,1454
0,194464,1719,1543,1455
0,194479,1720,1544,1456
0,194480,1721,1545,1457
0,194533,1722,1546,1458
0,194535,1723,1547,1459
0,194619,1724,1548,1460
0,194627,1725,1549,1461
0,194631,1726,1550,1462
0,194643,1727,1551,1463
0,194644,1728,1552,1464
0,194691,1729,1553,1465
0,194699,1730,1554,1466
0,194702,1731,1555,1467
0,194704,1732,1556,1468
0,194711,1733,1557,1469
0,194712,1734,1558,1470
1,194735,1765,1589,1499
0,194778,1735,1559,1471
0,194785,1736,1560,1472
0,194788,1739,1563,1473
0,194789,1740,1564,1474
0,194790,1741,1565,1475
0,194795,1742,1566,1476
0,194825,1743,1567,1477
0,194896,1744,1568,1478
0,194897,1745,1569,1479
0,194912,1746,1570,1480
0,194914,1747,1571,1481
0,194915,1748,1572,1482
0,195013,1749,1573,1483
0,195014,1750,1574,1484
0,195015,1751,1575,1485
0,195016,1752,1576,1486
0,195099,1753,1577,1487
0,195109,1754,1578,1488
0,195110,1755,1579,1489
0,195111,1756,1580,1490
0,195112,1757,1581,1491
0,195113,1758,1582,1492
0,195114,1759,1583,1493
0,195115,1760,1584,1494
0,195147,1761,1585,1495
0,195163,1762,1586,1496
0,195164,1763,1587,1497
0,195165,1764,1588,1498
1,195249,1766,1590,1500
1,195251,1767,1591,1501
1,195265,1768,1592,1502
1,195266,1769,1593,1503
1,195303,1770,1594,1504
1,195304,1771,1595,1505
1,195378,1772,1596,1506
1,195379,1773,1597,1507
1,195385,1774,1598,1508
1,195387,1775,1599,1509
1,195390,1776,1600,1510
1,195396,1777,1601,1511
1,195397,1778,1602,1512
1,195398,1779,1603,1513
1,195399,1780,1604,1514
2,195522,1783,1605,1515
2,195523,1784,1606,1516
2,195524,1785,1607,1517
2,195526,1786,1608,1518
2,195527,1787,1609,1519
2,195528,1788,1610,1520
2,195529,1789,1611,1521
2,195530,1790,1612,1522
2,195532,1791,1613,1523
2,195540,1792,1614,1524
2,195551,1793,1615,1525
2,195552,1794,1616,1526
2,195633,1795,1617,1527
2,195634,1796,1618,1528
2,195644,1797,1619,1529
2,195645,1798,1620,1530
2,195647,1799,1621,1531
2,195649,1800,1622,1532
2,195655,1801,1623,1533
2,195656,1802,1624,1534
2,195658,1803,1625,1535
2,195660,1804,1626,1536
2,195664,1805,1627,1537
2,195749,1808,1630,1538
2,195757,1809,1631,1539
2,195758,1810,1632,1540
2,195773,1811,1633,1541
2,195774,1812,1634,1542
2,195775,1813,1635,1543
2,195776,1814,1636,1544
2,195841,1815,1637,1545
2,195868,1816,1638,1546
2,195913,1817,1639,1547
2,195915,1818,1640,1548
2,195916,1819,1641,1549
2,195917,1820,1642,1550
2,195918,1821,1643,1551
2,195919,1822,1644,1552
2,195923,1823,1645,1553
2,195925,1824,1646,1554
2,195926,1825,1647,1555
2,195927,1826,1648,1556
2,195929,1827,1649,1557
2,195930,1828,1650,1558
2,195937,1830,1652,1559
2,195947,1831,1653,1560
2,195948,1832,1654,1561
2,195950,1833,1655,1562
2,195963,1834,1656,1563
2,195970,1835,1657,1564
2,196019,1836,1658,1565
2,196023,1837,1659,1566
2,196027,1838,1660,1567
2,196046,1839,1661,1568
2,196047,1840,1662,1569
2,196048,1841,1663,1570
2,196090,1842,1664,1571
2,196096,1846,1667,1572
2,196097,1847,1668,1573
2,196098,1848,1669,1574
2,196099,1849,1670,1575
2,196103,1850,1671,1576
2,196107,1851,1672,1577
2,196122,1852,1673,1578
2,196131,1853,1674,1579
2,196135,1854,1675,1580
2,196197,1855,1676,1581
2,196199,1856,1677,1582
2,196200,1857,1678,1583
2,196202,1859,1680,1584
2,196203,1860,1681,1585
2,196218,1861,1682,1586
2,196239,1862,1683,1587
2,196249,1863,1684,1588
2,196250,1864,1685,1589
2,196251,1865,1686,1590
2,196252,1866,1687,1591
2,196334,1867,1688,1592
2,196349,1868,1689,1593
2,196350,1869,1690,1594
2,196351,1870,1691,1595
2,196352,1871,1692,1596
2,196353,1872,1693,1597
2,196357,1873,1694,1598
2,196359,1874,1695,1599
2,196362,1876,1697,1600
2,196363,1877,1698,1601
2,196364,1878,1699,1602
2,196430,1879,1700,1603
2,196431,1880,1701,1604
2,196432,1881,1702,1605
2,196433,1882,1703,1606
2,196437,1883,1704,1607
2,196438,1884,1705,1608
2,196452,1885,1706,1609
2,196453,1886,1707,1610
2,196458,1887,1708,1611
2,196495,1888,1709,1612
2,196497,1889,1710,1613
2,196501,1890,1711,1614
2,196508,1891,1712,1615
2,196509,1892,1713,1616
2,196531,1893,1714,1617
2,198022,1894,1715,1618
2,198023,1895,1716,1619
2,198041,1897,1718,1620
2,198044,1898,1719,1621
2,198045,1899,1720,1622
2,198047,1901,1722,1623
2,198048,1902,1723,1624
2,198049,1903,1724,1625
2,198050,1904,1725,1626
2,198063,1905,1726,1627
2,198116,1914,1735,1628
2,198202,1915,1736,1629
2,198207,1916,1737,1630
2,198208,1917,1738,1631
2,198210,1918,1739,1632
2,198211,1919,1740,1633
2,198212,1920,1741,1634
2,198213,1921,1742,1635
2,198214,1922,1743,1636
2,198215,1923,1744,1637
2,198229,1924,1745,1638
2,198230,1925,1746,1639
2,198249,1926,1747,1640
2,198268,1927,1748,1641
2,198269,1928,1749,1642
2,198270,1929,1750,1643
2,198271,1930,1751,1644
2,198272,1931,1752,1645
2,198346,1932,1753,1646
2,198372,1933,1754,1647
2,198485,1934,1755,1648
2,198486,1935,1756,1649
2,198487,1936,1757,1650
2,198522,1937,1758,1651
2,198588,1961,1781,1652
2,198589,1962,1782,1653
2,198590,1963,1783,1654
2,198603,1964,1784,1655
2,198609,1965,1785,1656
2,198898,1966,1786,1657
2,198899,1967,1787,1658
2,198900,1968,1788,1659
2,198901,1969,1789,1660
2,198902,1970,1790,1661
2,198903,1971,1791,1662
2,198941,1972,1792,1663
2,198954,1973,1793,1664
2,198955,1974,1794,1665
2,198969,1975,1795,1666
2,199008,1976,1796,1667
2,199011,1977,1797,1668
2,199021,1978,1798,1669
3,199103,1980,1799,1670
3,199275,1981,1800,1671
3,199276,1982,1801,1672
3,199282,1983,1802,1673
3,199306,1984,1803,1674
3,199318,1985,1804,1675
3,199319,1986,1805,1676
3,199336,1987,1806,1677
3,199356,1988,1807,1678
3,199409,1989,1808,1679
3,199428,1990,1809,1680
3,199429,1991,1810,1681
3,199435,1992,1811,1682
3,199436,1993,1812,1683
3,199564,1995,1814,1684
3,199566,1997,1816,1685
3,199567,1998,1817,1686
3,199568,1999,1818,1687
3,199569,2000,1819,1688
3,199570,2001,1820,1689
3,199571,2002,1821,1690
3,199572,2003,1822,1691
3,199573,2004,1823,1692
3,199574,2005,1824,1693
3,199608,2006,1825,1694
3,199698,2007,1826,1695
3,199699,2008,1827,1696
3,199703,2011,1829,1697
3,199739,2012,1830,1698
3,199745,2013,1831,1699
3,199751,2014,1832,1700
3,199752,2015,1833,1701
3,199753,2016,1834,1702
3,199754,2017,1835,1703
3,199804,2018,1836,1704
3,199812,2019,1837,1705
3,199832,2020,1838,1706
3,199833,2021,1839,1707
3,199834,2022,1840,1708
3,199862,2023,1841,1709
3,199864,2025,1843,1710
3,199867,2026,1844,1711
3,199868,2027,1845,1712
3,199875,2028,1846,1713
3,199876,2029,1847,1714
3,199877,2030,1848,1715
3,199960,2031,1849,1716
3,199961,2032,1850,1717
3,199967,2033,1851,1718
3,199973,2034,1852,1719
3,200041,2035,1853,1720
4,200042,2061,1879,1745
3,200049,2036,1854,1721
3,200075,2037,1855,1722
3,200091,2038,1856,1723
3,200152,2039,1857,1724
3,200160,2040,1858,1725
3,200161,2041,1859,1726
3,200174,2042,1860,1727
3,200176,2043,1861,1728
3,200177,2044,1862,1729
3,200178,2045,1863,1730
3,200180,2046,1864,1731
3,200185,2047,1865,1732
3,200186,2048,1866,1733
3,200188,2050,1868,1734
3,200190,2051,1869,1735
3,200228,2052,1870,1736
3,200229,2053,1871,1737
3,200243,2054,1872,1738
3,200244,2055,1873,1739
3,200245,2056,1874,1740
3,200253,2057,1875,1741
3,200368,2058,1876,1742
3,200369,2059,1877,1743
3,200381,2060,1878,1744
4,200466,2062,1880,1746
4,200473,2063,1881,1747
4,200491,2064,1882,1748
4,200515,2065,1883,1749
4,200519,2069,1885,1750
4,200525,2070,1886,1751
4,200532,2071,1887,1752
4,200599,2072,1888,1753
4,200600,2073,1889,1754
4,200601,2074,1890,1755
4,200602,2075,1891,1756
4,200781,2076,1892,1757
4,200782,2077,1893,1758
4,200786,2078,1894,1759
4,200795,2079,1895,1760
4,200798,2080,1896,1761
4,200960,2081,1897,1762
4,200961,2082,1898,1763
4,200976,2083,1899,1764
4,200990,2084,1900,1765
4,200991,2085,1901,1766
4,200992,2086,1902,1767
4,201005,2087,1903,1768
4,201062,2088,1904,1769
4,201097,2089,1905,1770
4,201114,2091,1907,1771
4,201115,2092,1908,1772
4,201159,2093,1909,1773
4,201164,2094,1910,1774
4,201168,2095,1911,1775
4,201173,2096,1912,1776
4,201174,2097,1913,1777
4,201191,2101,1915,1778
4,201193,2102,1916,1779
4,201196,2105,1918,1780
4,201197,2106,1919,1781
4,201199,2107,1920,1782
4,201200,2108,1921,1783
4,201202,2109,1922,1784
4,201228,2110,1923,1785
4,201229,2111,1924,1786
4,201278,2112,1925,1787
4,201366,2113,1926,1788
4,201383,2114,1927,1789
4,201384,2115,1928,1790
4,201390,2116,1929,1791
4,201391,2117,1930,1792
4,201393,2118,1931,1793
4,201404,2119,1932,1794
4,201409,2120,1933,1795
4,201410,2121,1934,1796
4,201411,2122,1935,1797
4,201412,2123,1936,1798
4,201413,2124,1937,1799
4,201418,2125,1938,1800
4,201419,2126,1939,1801
4,201420,2127,1940,1802
4,201423,2128,1941,1803
4,201424,2129,1942,1804
4,201425,2130,1943,1805
4,201434,2131,1944,1806
4,201444,2132,1945,1807
4,201446,2133,1946,1808
4,201448,2134,1947,1809
4,201456,2138,1949,1810
4,201461,2139,1950,1811
4,201465,2142,1952,1812
4,201467,2143,1953,1813
4,201469,2144,1954,1814
4,201473,2145,1955,1815
4,201475,2146,1956,1816
4,201476,2147,1957,1817
4,201530,2148,1958,1818
4,201535,2149,1959,1819
4,201554,2150,1960,1820
4,201602,2151,1961,1821
4,201611,2152,1962,1822
4,201613,2154,1964,1823
4,201624,2155,1965,1824
4,201625,2156,1966,1825
4,201657,2157,1967,1826
4,201658,2158,1968,1827
4,201668,2159,1969,1828
4,201669,2160,1970,1829
4,201671,2161,1971,1830
4,201678,2164,1973,1831
4,201679,2165,1974,1832
4,201692,2166,1975,1833
4,201705,2167,1976,1834
4,201706,2168,1977,1835
4,201707,2169,1978,1836
4,201708,2170,1979,1837
4,201718,2171,1980,1838
4,201727,2172,1981,1839
4,201729,2173,1982,1840
4,201794,2174,1983,1841
4,201802,2175,1984,1842
4,201803,2176,1985,1843
4,201804,2177,1986,1844
4,201805,2178,1987,1845
4,201807,2180,1989,1846
4,201808,2181,1990,1847
4,201809,2182,1991,1848
4,201810,2183,1992,1849
4,201812,2184,1993,1850
4,201813,2185,1994,1851
4,201815,2186,1995,1852
4,201816,2187,1996,1853
4,201817,2188,1997,1854
4,201818,2189,1998,1855
4,201819,2190,1999,1856
4,201824,2191,2000,1857
5,202000,2194,2001,1858
5,202012,2195,2002,1859
5,202013,2196,2003,1860
5,202014,2197,2004,1861
5,202016,2198,2005,1862
5,202044,2199,2006,1863
5,202045,2200,2007,1864
5,202046,2201,2008,1865
5,202047,2202,2009,1866
5,202054,2207,2012,1867
5,202060,2208,2013,1868
5,202074,2209,2014,1869
5,202075,2210,2015,1870
5,202084,2211,2016,1871
5,202087,2214,2018,1872
5,202088,2215,2019,1873
5,202091,2218,2021,1874
5,202093,2220,2023,1875
5,202116,2221,2024,1876
5,202178,2222,2025,1877
5,202205,2223,2026,1878
5,202209,2226,2029,1879
5,202237,2227,2030,1880
5,202272,2228,2031,1881
5,202299,2229,2032,1882
5,202301,2230,2033,1883
5,202303,2231,2034,1884
5,202304,2232,2035,1885
5,202305,2233,2036,1886
5,202314,2234,2037,1887
5,202328,2235,2038,1888
5,202333,2238,2041,1889
5,202389,2239,2042,1890
5,202469,2240,2043,1891
5,202472,2243,2045,1892
5,202477,2248,2047,1893
5,202478,2249,2048,1894
5,202504,2250,2049,1895
5,202792,2251,2050,1896
5,202793,2252,2051,1897
5,202794,2253,2052,1898
5,202972,2260,2059,1899
5,202973,2261,2060,1900
5,203002,2262,2061,1901
6,203708,2264,2062,1902
6,203709,2265,2063,1903
6,203739,2266,2064,1904
6,203742,2267,2065,1905
6,203777,2268,2066,1906
6,203778,2269,2067,1907
6,203780,2270,2068,1908
6,203830,2271,2069,1909
6,203832,2272,2070,1910
6,203833,2273,2071,1911
6,203834,2274,2072,1912
6,203835,2275,2073,1913
6,203836,2276,2074,1914
6,203853,2277,2075,1915
6,203894,2278,2076,1916
6,203909,2279,2077,1917
6,203912,2290,2078,1918
6,203980,2291,2079,1919
6,203981,2292,2080,1920
6,203985,2293,2081,1921
6,203986,2294,2082,1922
6,203987,2295,2083,1923
6,203991,2297,2084,1924
6,203992,2298,2085,1925
6,203994,2299,2086,1926
7,204100,2300,2095,1927
7,204101,2301,2096,1928
7,204113,2302,2097,1929
7,204114,2303,2098,1930
7,204238,2304,2099,1931
7,204250,2305,2100,1932
7,204484,2310,2101,1933
7,204506,2311,2102,1934
7,204511,2312,2103,1935
7,204541,2313,2104,1936
7,204544,2314,2105,1937
7,204545,2315,2106,1938
7,204550,2316,2107,1939
7,204551,2317,2108,1940
7,204552,2318,2109,1941
7,204553,2319,2110,1942
7,204554,2320,2111,1943
7,204555,2321,2112,1944
7,204563,2322,2113,1945
7,204564,2323,2114,1946
7,204565,2324,2115,1947
7,204566,2325,2116,1948
7,204567,2326,2117,1949
7,204576,2327,2118,1950
7,204577,2328,2119,1951
7,204599,2329,2120,1952
7,204600,2330,2121,1953
7,204601,2331,2122,1954
7,204900,2332,2123,1955
7,205086,2343,2133,1956
7,205111,2344,2134,1957
7,205158,2345,2135,1958
7,205193,2346,2136,1959
7,205214,2347,2137,1960
7,205215,2348,2138,1961
7,205217,2349,2139,1962
7,205233,2350,2140,1963
7,205235,2352,2141,1964
7,205236,2353,2142,1965
7,205237,2354,2143,1966
7,205238,2355,2144,1967
7,205303,2356,2145,1968
7,205310,2357,2146,1969
7,205311,2358,2147,1970
7,205339,2359,2148,1971
7,205344,2360,2149,1972
7,205515,2361,2150,1973
7,205519,2362,2151,1974
10,205526,2589,2152,1975
7,205595,2364,2153,1976
7,205598,2365,2154,1977
7,205599,2366,2155,1978
7,205600,2367,2156,1979
7,205604,2368,2157,1980
7,205605,2369,2158,1981
7,205611,2370,2159,1982
7,205614,2371,2160,1983
7,205617,2372,2161,1984
7,205618,2373,2162,1985
10,205620,2590,2163,1986
10,205627,2591,2363,2169
7,205666,2375,2164,1987
7,205667,2376,2165,1988
7,205683,2377,2166,1989
7,205690,2378,2167,1990
7,205694,2387,2168,1991
7,205718,2388,2169,1992
7,205774,2391,2170,1993
7,205777,2392,2171,1994
7,205781,2393,2172,1995
7,205826,2394,2173,1996
7,205833,2395,2174,1997
7,205834,2396,2175,1998
7,205908,2397,2176,1999
7,205921,2398,2177,2000
8,206066,2419,2215,2021
7,206088,2416,2195,2001
7,206098,2417,2196,2002
7,206102,2418,2197,2003
8,206187,2420,2198,2004
8,206188,2421,2199,2005
8,206199,2422,2200,2006
8,206207,2423,2201,2007
8,206208,2424,2202,2008
8,206210,2425,2203,2009
8,206243,2426,2204,2010
8,206245,2427,2205,2011
8,206246,2428,2206,2012
8,206251,2429,2207,2013
8,206257,2430,2208,2014
8,206258,2431,2209,2015
8,206297,2432,2210,2016
8,206301,2436,2211,2017
8,206302,2437,2212,2018
8,206303,2438,2213,2019
8,206304,2439,2214,2020
8,206331,2440,2216,2022
8,206389,2441,2217,2023
8,206390,2442,2218,2024
8,206391,2443,2219,2025
8,206401,2444,2220,2026
8,206446,2445,2221,2027
8,206448,2446,2222,2028
8,206466,2447,2223,2029
8,206476,2448,2224,2030
8,206477,2449,2225,2031
8,206478,2450,2226,2032
8,206484,2451,2227,2033
8,206512,2452,2228,2034
8,206513,2453,2229,2035
8,206539,2454,2230,2036
8,206540,2455,2231,2037
8,206541,2456,2232,2038
8,206542,2457,2233,2039
8,206550,2458,2234,2040
8,206572,2459,2235,2041
8,206573,2460,2236,2042
8,206574,2461,2237,2043
8,206575,2462,2238,2044
8,206594,2463,2239,2045
8,206595,2464,2240,2046
8,206596,2465,2241,2047
8,206598,2466,2242,2048
8,206605,2467,2243,2049
8,206744,2468,2244,2050
9,206745,2483,2257,2063
8,206859,2469,2245,2051
8,206866,2470,2246,2052
8,206867,2471,2247,2053
8,206868,2472,2248,2054
8,206869,2473,2249,2055
8,206897,2476,2250,2056
8,206901,2477,2251,2057
8,206906,2478,2252,2058
8,206939,2479,2253,2059
8,206940,2480,2254,2060
8,207099,2481,2255,2061
8,207100,2482,2256,2062
9,207214,2484,2258,2064
9,207217,2485,2259,2065
9,207219,2486,2260,2066
9,207220,2487,2261,2067
9,207221,2488,2262,2068
9,207222,2489,2263,2069
9,207231,2490,2264,2070
9,207233,2491,2265,2071
9,207269,2492,2266,2072
9,207273,2493,2267,2073
9,207279,2494,2268,2074
9,207299,2495,2269,2075
9,207316,2496,2270,2076
9,207320,2497,2271,2077
9,207328,2498,2272,2078
9,207371,2499,2273,2079
9,207372,2500,2274,2080
9,207397,2501,2275,2081
9,207398,2502,2276,2082
9,207454,2503,2277,2083
9,207468,2504,2278,2084
9,207469,2505,2279,2085
9,207477,2506,2280,2086
9,207487,2507,2281,2087
9,207488,2508,2282,2088
9,207490,2509,2283,2089
9,207491,2510,2284,2090
9,207492,2511,2285,2091
9,207515,2512,2286,2092
9,207517,2513,2287,2093
9,207518,2514,2288,2094
9,207714,2515,2289,2095
9,207779,2516,2290,2096
9,207788,2517,2291,2097
9,207789,2518,2292,2098
9,207790,2519,2293,2099
9,207813,2520,2294,2100
9,207871,2521,2295,2101
9,207875,2522,2296,2102
9,207882,2523,2297,2103
9,207883,2524,2298,2104
9,207884,2525,2299,2105
9,207885,2526,2300,2106
9,207886,2527,2301,2107
9,207887,2528,2302,2108
9,207889,2529,2303,2109
9,207897,2530,2304,2110
9,207898,2531,2305,2111
9,207905,2532,2306,2112
9,207920,2533,2307,2113
9,207921,2534,2308,2114
9,207922,2535,2309,2115
9,207924,2536,2310,2116
9,208296,2537,2311,2117
9,208297,2538,2312,2118
9,208298,2539,2313,2119
9,208299,2540,2314,2120
9,208300,2541,2315,2121
9,208302,2542,2316,2122
9,208303,2543,2317,2123
9,208304,2544,2318,2124
9,208307,2545,2319,2125
9,208339,2546,2320,2126
9,208341,2547,2321,2127
9,208351,2548,2322,2128
9,208352,2549,2323,2129
9,208353,2550,2324,2130
9,208357,2551,2325,2131
9,208390,2552,2326,2132
9,208391,2553,2327,2133
9,208392,2554,2328,2134
9,208393,2555,2329,2135
9,208394,2556,2330,2136
9,208395,2557,2331,2137
9,208397,2558,2332,2138
9,208402,2559,2333,2139
9,208406,2560,2334,2140
9,208407,2561,2335,2141
9,208427,2562,2336,2142
9,208428,2563,2337,2143
9,208429,2564,2338,2144
9,208487,2565,2339,2145
9,208509,2566,2340,2146
9,208535,2567,2341,2147
9,208538,2568,2342,2148
9,208540,2569,2343,2149
9,208541,2570,2344,2150
9,208551,2571,2345,2151
9,208552,2572,2346,2152
9,208553,2573,2347,2153
9,208686,2574,2348,2154
9,209089,2575,2349,2155
9,209106,2576,2350,2156
9,209109,2577,2351,2157
9,209146,2578,2352,2158
9,209148,2579,2353,2159
9,209151,2580,2354,2160
9,210498,2581,2355,2161
9,210534,2582,2356,2162
9,210614,2583,2357,2163
9,210634,2584,2358,2164
9,210635,2585,2359,2165
9,210638,2586,2360,2166
9,210658,2587,2361,2167
9,210676,2588,2362,2168
10,210737,2592,2364,2170
10,210738,2593,2365,2171
10,210759,2594,2366,2172
10,210818,2595,2367,2173
10,210837,2596,2368,2174
10,210855,2597,2369,2175
10,210882,2598,2370,2176
10,210884,2599,2371,2177
10,210885,2600,2372,2178
10,210906,2601,2373,2179
10,210909,2602,2374,2180
10,210986,2603,2375,2181
10,210998,2604,2376,2182
10,210999,2605,2377,2183
10,211000,2606,2378,2184
10,211001,2607,2379,2185
10,211032,2608,2380,2186
10,211175,2609,2381,2187
10,211178,2610,2382,2188
10,211184,2611,2383,2189
10,211187,2612,2384,2190
10,211188,2613,2385,2191
10,211193,2614,2386,2192
10,211194,2615,2387,2193
10,211256,2616,2388,2194
11,211313,2626,2398,2204
10,211328,2617,2389,2195
10,211347,2618,2390,2196
10,211354,2619,2391,2197
10,211362,2620,2392,2198
10,211363,2621,2393,2199
10,211371,2622,2394,2200
10,211390,2623,2395,2201
10,211421,2624,2396,2202
10,211460,2625,2397,2203
11,211532,2627,2399,2205
11,211538,2628,2400,2206
11,211561,2629,2401,2207
11,211568,2630,2402,2208
11,211571,2631,2403,2209
11,211587,2632,2404,2210
11,211598,2633,2405,2211
11,211599,2634,2406,2212
11,211607,2635,2407,2213
11,211620,2636,2408,2214
11,211622,2637,2409,2215
11,211623,2638,2410,2216
11,211631,2639,2411,2217
11,211739,2640,2412,2218
11,211740,2641,2413,2219
11,211752,2642,2414,2220
11,211760,2643,2415,2221
11,211765,2644,2416,2222
11,211792,2645,2417,2223
11,211797,2646,2418,2224
11,211812,2647,2419,2225
11,211821,2648,2420,2226
11,211822,2649,2421,2227
11,211823,2650,2422,2228
11,211831,2651,2423,2229
